,,macro_f1,macro_f1,balanced_acc,balanced_acc,macro_f1_emergency,macro_f1_emergency,f1_LTE_5G,f1_LTE_5G,f1_NO_CHANNEL,f1_NO_CHANNEL
,,mean,std,mean,std,mean,std,mean,std,mean,std
system,p,,,,,,,,,,
AdaBoost,0.0,0.9928151417293829,0.0028826537620678066,0.9911536134884401,0.0037693673933783586,0.9290691925764312,0.08699099229752308,0.9717705233042465,0.007531221357114882,0.9937614507839228,0.010234728352359198
AdaBoost,0.1,0.9910334136838758,0.002938432315207917,0.9886604032580604,0.003045952151095746,0.9270460356407083,0.09052870019639517,0.9632418466714339,0.010976617073103618,0.9923881673881674,0.011641453827239925
AdaBoost,0.25,0.9893540160860661,0.0034270156325950825,0.9852395238554708,0.004663754029799939,0.9265406651965102,0.08792048524760886,0.9536247947209329,0.013721562734683192,0.9923881673881674,0.011641453827239925
AdaBoost,0.5,0.9761399710065392,0.0063523684068601625,0.9645461698809623,0.008753561339365333,0.8881134564301966,0.09086353477979195,0.8823320520442222,0.034458559668632205,0.9954106280193237,0.008745352942809375
AdaBoost,0.75,0.9450299251590399,0.016564967971779393,0.9263973299151905,0.01933613724842199,0.8437697003213853,0.06493940566124806,0.7125146763295711,0.09689297345970926,0.9950549450549451,0.010291857709942717
Bagging,0.0,0.981339263006292,0.006131270988081899,0.9821701416303743,0.006142786001662432,0.8998382734510812,0.0824867828891536,0.9147083624849551,0.03522536863289358,0.9969507820347252,0.005777884819663625
Bagging,0.1,0.9807940150951684,0.004566563267933102,0.9794986043745819,0.005625723038708895,0.8987836016714845,0.08140347947206512,0.9117778336447444,0.027592886645666424,0.995824655908599,0.005973318885974337
Bagging,0.25,0.9766645586162859,0.005717072413548386,0.9719938749051436,0.0067313878079105416,0.8898673794434019,0.08161979410139752,0.8906148667042199,0.03401462011605222,0.9960128734881211,0.005614737393886042
Bagging,0.5,0.9704333059841543,0.004711038167521846,0.9606527831646006,0.004928227259144873,0.8758616711879276,0.07908413693907175,0.8652151078418735,0.028887169250574996,0.9902100234199849,0.008474858001848513
Bagging,0.75,0.9530556471788053,0.012720252546688224,0.9353809534984091,0.016754964587782157,0.8536007944931716,0.06619753099437996,0.7751185120255383,0.0712074506778029,0.985035651389096,0.011547151214781044
DecisionTree,0.0,0.9801767882775669,0.005512001834718633,0.9813841222627502,0.0053274088745310965,0.8916755640130988,0.08128492132018848,0.9093623373601175,0.029058246876442526,0.9969507820347252,0.005777884819663625
DecisionTree,0.1,0.9779366655497723,0.006196919580153957,0.9776698127965476,0.006227865473856898,0.885235800062045,0.0840320247822716,0.8978063912685008,0.03211320352487343,0.9969507820347252,0.005777884819663625
DecisionTree,0.25,0.9733304817472912,0.006480993348982321,0.9700170805728866,0.006408018907332239,0.8798566271900166,0.08746523164458768,0.8779257090517212,0.03762490011439409,0.9933432784272216,0.00731133283699298
DecisionTree,0.5,0.9640751208759752,0.005481168794830149,0.9553709668488944,0.005689091579641832,0.8580635650146277,0.0802792701820133,0.8326062255349462,0.030678375723377865,0.9923274054113486,0.009116565433112499
DecisionTree,0.75,0.9499708901319963,0.014666669849372403,0.9343962096742793,0.018484396544522826,0.8400439485644862,0.07252472259913471,0.7547200159557335,0.07770735323179101,0.9916771813663877,0.009988482231245729
LogReg,0.0,0.9612023730333012,0.006739971140256338,0.9624218375876655,0.0070898707484342025,0.8424253737785461,0.0848504227672759,0.8899579208198798,0.036481899708462294,0.9936096512183469,0.009721610724958302
LogReg,0.1,0.9550606722231691,0.0062730798091298464,0.9557577001214217,0.007735478159328092,0.8280539719400214,0.08628336450771563,0.8754159862071671,0.03319593202434049,0.9845460370212845,0.01365371193815988
LogReg,0.25,0.9442303701539019,0.006078702588172641,0.9454841160271247,0.009532166976738693,0.8136232651603464,0.07838179741985832,0.8419702064624883,0.03128914741787144,0.9655306767828963,0.013196671365011226
LogReg,0.5,0.9195292897363716,0.01584283962855983,0.9222953526173012,0.02176909776808477,0.7253121339418712,0.06887246825316774,0.7599178730941403,0.06214200027009665,0.9368708703328925,0.030141144336274843
LogReg,0.75,0.8851022056079164,0.02270658509778669,0.8891410345583514,0.028175107375557343,0.6678304641217433,0.07028554079087933,0.6551080931431857,0.09333616153610465,0.8653224766780715,0.04975136316647883
MLP,0.0,0.9585277403083137,0.010119068966750702,0.9527239115094801,0.014305536619585463,0.8754242739530376,0.08191063717410489,0.870763144402417,0.04203258171306677,0.9968147794234751,0.005971757687291804
MLP,0.1,0.9507781550000198,0.00928081197814098,0.9453702528945503,0.012939102033783163,0.8644769981694975,0.08267930165346113,0.8479349703484064,0.04057075124465482,0.9924884146054285,0.010056443764103399
MLP,0.25,0.9375932233568354,0.007338637976736208,0.9323045165003082,0.012631371915562737,0.8309320378504534,0.06598848443302283,0.8058515559350914,0.03295263065306805,0.9772758103697544,0.00967560116648619
MLP,0.5,0.9116622550217386,0.009615644513776476,0.9063639315514923,0.01335787298062216,0.7715949088481181,0.07724630019231012,0.7265340083422541,0.046129532583259705,0.9409881827039849,0.027844132776449055
MLP,0.75,0.8572487244472774,0.016896056363136683,0.8441641720290165,0.02710188814134349,0.6234622987743773,0.09993499350602697,0.5965684002703977,0.07115566719327095,0.8204651950028662,0.08556035334713281
PolicyLOCF,0.0,1.0,0.0,1.0,0.0,0.9375,0.08625819491779424,1.0,0.0,1.0,0.0
PolicyLOCF,0.1,0.9165014238075201,0.007859128216599603,0.9611520374338539,0.003249343066524451,0.8625695336993434,0.08445212799706767,0.9278554714153976,0.016268391201996957,0.722387134259306,0.04382445034665658
PolicyLOCF,0.25,0.8245458930525515,0.010426916034062969,0.9091677008681135,0.006423527041488788,0.7642151688938809,0.03824136548033537,0.850865576692883,0.03458534243298615,0.4422655794816131,0.054064975290028336
PolicyLOCF,0.5,0.7013584996274,0.007977092755837056,0.8088081204714903,0.007219228741386241,0.6123070608995372,0.03633185956746853,0.7221049943947662,0.02692104898758097,0.21390941790489038,0.03636046519804988
PolicyLOCF,0.75,0.5323944938892202,0.015768144833416032,0.6308714671742905,0.020309342545591882,0.4539329174516891,0.04777405030764438,0.5151495767612183,0.05380137254327897,0.09046775276172243,0.017067507857603397
RUSBoost,0.0,0.8912037791618826,0.03223850509663141,0.9123408947207913,0.0337576336811009,0.7933977154414562,0.11448873305394038,0.7341350033693207,0.09110327125667882,0.9564741124555177,0.026966640409334934
RUSBoost,0.1,0.8882757949146948,0.027148031024672357,0.9075367763370833,0.027358662731054292,0.7764917781009765,0.10130557437407058,0.7152194502689044,0.08437030740280607,0.9613601378418688,0.022599282509359202
RUSBoost,0.25,0.8827332417689413,0.02894680761149056,0.8997613979117208,0.032241490041702695,0.7739357401634618,0.09103810985174578,0.6866354659354312,0.10304475795012324,0.9556446095808399,0.022294178515427206
RUSBoost,0.5,0.8712862900244105,0.026281738035333454,0.8866403879839184,0.029069777002042874,0.7360929647911332,0.07284481959275166,0.6386202515703168,0.1023501709775843,0.9590074977019938,0.024070748009004807
RUSBoost,0.75,0.8552437289501231,0.03811425420623057,0.8664478014639295,0.03612390579019587,0.7256077140821346,0.07379748341648894,0.5584505260006882,0.17225367037379188,0.9608479258590277,0.024253455233798772
XGBoost,0.0,0.9899789773991947,0.0031752431850948677,0.9857892836843749,0.005716166614134657,0.9260613931533038,0.08888038894589165,0.9683461090662238,0.012305470390750792,0.9844395496565191,0.009190588403540922
XGBoost,0.1,0.9891332464396596,0.0036876055238385923,0.9840123203933566,0.005696710601505857,0.9252025713373818,0.08972081087697033,0.9639498735299116,0.01649828865487288,0.9844070335714326,0.012473457455699931
XGBoost,0.25,0.9836233472676266,0.005314768909483292,0.9750121463297223,0.0064032811307192655,0.9223943862085007,0.09020941218437496,0.9334143363216107,0.026457225579985328,0.9854794458270641,0.00838314235949979
XGBoost,0.5,0.9716014154671129,0.007093387132606384,0.958220871431978,0.008966369001800744,0.8875517874919852,0.09638538545140124,0.8731556469801425,0.044121435665749005,0.9847461644497616,0.011544879695956087
XGBoost,0.75,0.9463329713605712,0.01664903233875179,0.9255900442040564,0.019147177311674594,0.8538694578630034,0.07948866032908265,0.736722073344381,0.09662593217913128,0.9815799424045507,0.01078320988617254
